filename,width,height,class,xmin,ymin,xmax,ymax
WIN_20190921_17_34_04_Pro.jpg,1280,720,money,258,209,449,455
WIN_20190921_17_34_04_Pro.jpg,1280,720,money,517,283,680,527
WIN_20190921_17_34_04_Pro.jpg,1280,720,money,495,100,743,296
WIN_20190921_17_34_04_Pro.jpg,1280,720,banana,250,51,489,166
WIN_20190921_17_34_04_Pro.jpg,1280,720,convert,813,27,1143,332
WIN_20190921_17_34_04_Pro.jpg,1280,720,convert,1115,173,1279,513
WIN_20190921_17_34_04_Pro.jpg,1280,720,bottle,343,170,425,265
WIN_20190921_17_34_04_Pro.jpg,1280,720,bottle,730,298,822,390
WIN_20190921_17_34_16_Pro.jpg,1280,720,money,203,150,454,358
WIN_20190921_17_34_16_Pro.jpg,1280,720,money,416,298,673,502
WIN_20190921_17_34_16_Pro.jpg,1280,720,money,657,131,898,270
WIN_20190921_17_34_16_Pro.jpg,1280,720,convert,1118,175,1280,512
WIN_20190921_17_34_16_Pro.jpg,1280,720,convert,1,104,213,446
WIN_20190921_17_34_16_Pro.jpg,1280,720,banana,466,45,627,275
WIN_20190921_17_34_16_Pro.jpg,1280,720,bottle,873,1,962,84
WIN_20190921_17_34_16_Pro.jpg,1280,720,bottle,326,256,413,341
WIN_20190921_17_34_28_Pro.jpg,1280,720,bottle,327,255,418,351
WIN_20190921_17_34_28_Pro.jpg,1280,720,bottle,559,1,658,57
WIN_20190921_17_34_28_Pro.jpg,1280,720,money,659,136,896,272
WIN_20190921_17_34_28_Pro.jpg,1280,720,money,191,122,439,323
WIN_20190921_17_34_28_Pro.jpg,1280,720,money,417,297,671,500
WIN_20190921_17_34_28_Pro.jpg,1280,720,convert,677,274,1000,440
WIN_20190921_17_34_28_Pro.jpg,1280,720,convert,1118,175,1280,518
WIN_20190921_17_34_28_Pro.jpg,1280,720,banana,905,15,1033,249
WIN_20190921_17_34_40_Pro.jpg,1280,720,banana,413,19,532,255
WIN_20190921_17_34_40_Pro.jpg,1280,720,convert,711,279,1027,447
WIN_20190921_17_34_40_Pro.jpg,1280,720,convert,1116,171,1280,514
WIN_20190921_17_34_40_Pro.jpg,1280,720,money,418,299,675,510
WIN_20190921_17_34_40_Pro.jpg,1280,720,money,188,119,431,324
WIN_20190921_17_34_40_Pro.jpg,1280,720,bottle,399,264,494,360
WIN_20190921_17_34_40_Pro.jpg,1280,720,bottle,799,20,884,116
WIN_20190921_17_34_40_Pro.jpg,1280,720,money,582,1,724,225
WIN_20190921_17_34_51_Pro.jpg,1280,720,money,113,62,348,284
WIN_20190921_17_34_51_Pro.jpg,1280,720,money,420,297,672,504
WIN_20190921_17_34_51_Pro.jpg,1280,720,money,618,12,859,181
WIN_20190921_17_34_51_Pro.jpg,1280,720,convert,445,101,792,352
WIN_20190921_17_34_51_Pro.jpg,1280,720,convert,1114,172,1280,513
WIN_20190921_17_34_51_Pro.jpg,1280,720,banana,104,282,361,392
WIN_20190921_17_34_51_Pro.jpg,1280,720,bottle,354,35,448,135
WIN_20190921_17_34_51_Pro.jpg,1280,720,bottle,999,7,1094,100
WIN_20190921_17_35_38_Pro.jpg,1280,720,bottle,998,9,1092,107
WIN_20190921_17_35_38_Pro.jpg,1280,720,bottle,364,90,458,183
WIN_20190921_17_35_38_Pro.jpg,1280,720,money,117,65,342,277
WIN_20190921_17_35_38_Pro.jpg,1280,720,money,503,295,754,505
WIN_20190921_17_35_38_Pro.jpg,1280,720,money,808,115,1023,362
WIN_20190921_17_35_38_Pro.jpg,1280,720,banana,106,279,360,393
WIN_20190921_17_35_38_Pro.jpg,1280,720,convert,1117,173,1279,515
WIN_20190921_17_35_38_Pro.jpg,1280,720,convert,600,1,828,269
WIN_20190921_17_35_57_Pro.jpg,1280,720,convert,614,1,927,273
WIN_20190921_17_35_57_Pro.jpg,1280,720,convert,1116,172,1278,514
WIN_20190921_17_35_57_Pro.jpg,1280,720,money,500,295,754,499
WIN_20190921_17_35_57_Pro.jpg,1280,720,money,676,252,923,442
WIN_20190921_17_35_57_Pro.jpg,1280,720,money,180,65,422,257
WIN_20190921_17_35_57_Pro.jpg,1280,720,bottle,293,223,394,324
WIN_20190921_17_35_57_Pro.jpg,1280,720,bottle,424,67,517,168
WIN_20190921_17_35_57_Pro.jpg,1280,720,banana,110,277,361,417
WIN_20190921_17_36_08_Pro.jpg,1280,720,banana,151,91,323,321
WIN_20190921_17_36_08_Pro.jpg,1280,720,bottle,332,1,421,87
WIN_20190921_17_36_08_Pro.jpg,1280,720,bottle,986,1,1082,87
WIN_20190921_17_36_08_Pro.jpg,1280,720,convert,493,1,834,219
WIN_20190921_17_36_08_Pro.jpg,1280,720,convert,1118,167,1278,512
WIN_20190921_17_36_08_Pro.jpg,1280,720,money,736,165,884,409
WIN_20190921_17_36_08_Pro.jpg,1280,720,money,561,224,745,474
WIN_20190921_17_36_08_Pro.jpg,1280,720,money,437,235,573,481
WIN_20190921_17_37_16_Pro.jpg,1280,720,money,101,78,357,276
WIN_20190921_17_37_16_Pro.jpg,1280,720,money,434,1,675,163
WIN_20190921_17_37_16_Pro.jpg,1280,720,money,583,125,821,269
WIN_20190921_17_37_16_Pro.jpg,1280,720,bottle,942,165,1036,260
WIN_20190921_17_37_16_Pro.jpg,1280,720,bottle,573,269,668,361
WIN_20190921_17_37_16_Pro.jpg,1280,720,banana,353,398,605,537
WIN_20190921_17_37_16_Pro.jpg,1280,720,convert,169,187,517,504
WIN_20190921_17_37_16_Pro.jpg,1280,720,convert,1112,172,1280,510
WIN_20190921_17_37_28_Pro.jpg,1280,720,convert,161,197,507,510
WIN_20190921_17_37_28_Pro.jpg,1280,720,convert,1116,170,1280,505
WIN_20190921_17_37_28_Pro.jpg,1280,720,money,828,168,945,401
WIN_20190921_17_37_28_Pro.jpg,1280,720,money,592,55,809,290
WIN_20190921_17_37_28_Pro.jpg,1280,720,money,348,2,593,170
WIN_20190921_17_37_28_Pro.jpg,1280,720,bottle,573,272,664,363
WIN_20190921_17_37_28_Pro.jpg,1280,720,bottle,8,127,114,242
WIN_20190921_17_37_28_Pro.jpg,1280,720,banana,351,395,604,540
WIN_20190921_17_37_37_Pro.jpg,1280,720,banana,263,252,410,494
WIN_20190921_17_37_37_Pro.jpg,1280,720,bottle,8,135,118,247
WIN_20190921_17_37_37_Pro.jpg,1280,720,bottle,685,2,778,95
WIN_20190921_17_37_37_Pro.jpg,1280,720,money,833,1,1077,143
WIN_20190921_17_37_37_Pro.jpg,1280,720,money,828,170,943,404
WIN_20190921_17_37_37_Pro.jpg,1280,720,money,356,41,605,237
WIN_20190921_17_37_37_Pro.jpg,1280,720,convert,423,172,774,417
WIN_20190921_17_37_37_Pro.jpg,1280,720,convert,1116,173,1280,512
WIN_20190921_17_37_50_Pro.jpg,1280,720,convert,307,21,646,237
WIN_20190921_17_37_50_Pro.jpg,1280,720,convert,1115,170,1280,515
WIN_20190921_17_37_50_Pro.jpg,1280,720,money,873,156,1029,403
WIN_20190921_17_37_50_Pro.jpg,1280,720,money,918,1,1165,150
WIN_20190921_17_37_50_Pro.jpg,1280,720,money,523,190,763,326
WIN_20190921_17_37_50_Pro.jpg,1280,720,banana,227,260,380,504
WIN_20190921_17_37_50_Pro.jpg,1280,720,bottle,480,385,576,485
WIN_20190921_17_37_50_Pro.jpg,1280,720,bottle,8,132,117,249
WIN_20190921_17_37_56_Pro.jpg,1280,720,convert,23,131,337,296
WIN_20190921_17_37_56_Pro.jpg,1280,720,convert,1116,170,1280,510
WIN_20190921_17_37_56_Pro.jpg,1280,720,money,875,160,1028,400
WIN_20190921_17_37_56_Pro.jpg,1280,720,money,699,100,836,337
WIN_20190921_17_37_56_Pro.jpg,1280,720,money,364,14,608,220
WIN_20190921_17_37_56_Pro.jpg,1280,720,bottle,425,260,528,356
WIN_20190921_17_37_56_Pro.jpg,1280,720,bottle,479,385,577,485
WIN_20190921_17_37_56_Pro.jpg,1280,720,banana,1012,1,1120,159
WIN_20190921_17_38_07_Pro.jpg,1280,720,convert,223,225,555,430
WIN_20190921_17_38_07_Pro.jpg,1280,720,convert,1121,162,1280,510
WIN_20190921_17_38_07_Pro.jpg,1280,720,money,538,105,768,212
WIN_20190921_17_38_07_Pro.jpg,1280,720,money,790,66,1017,172
WIN_20190921_17_38_07_Pro.jpg,1280,720,money,988,169,1175,413
WIN_20190921_17_38_07_Pro.jpg,1280,720,bottle,976,278,1080,365
WIN_20190921_17_38_07_Pro.jpg,1280,720,bottle,479,385,586,481
WIN_20190921_17_38_07_Pro.jpg,1280,720,banana,530,221,707,445
WIN_20190921_17_38_15_Pro.jpg,1280,720,banana,669,211,915,352
WIN_20190921_17_38_15_Pro.jpg,1280,720,money,398,170,525,410
WIN_20190921_17_38_15_Pro.jpg,1280,720,money,536,101,769,215
WIN_20190921_17_38_15_Pro.jpg,1280,720,money,815,3,1031,230
WIN_20190921_17_38_15_Pro.jpg,1280,720,convert,175,143,418,489
WIN_20190921_17_38_15_Pro.jpg,1280,720,convert,1111,183,1279,499
WIN_20190921_17_38_15_Pro.jpg,1280,720,bottle,985,271,1093,363
WIN_20190921_17_38_15_Pro.jpg,1280,720,bottle,594,320,696,415
WIN_20190921_17_38_21_Pro.jpg,1280,720,convert,183,94,466,439
WIN_20190921_17_38_21_Pro.jpg,1280,720,money,468,66,691,311
WIN_20190921_17_38_21_Pro.jpg,1280,720,money,691,20,888,266
WIN_20190921_17_38_21_Pro.jpg,1280,720,money,819,1,1037,237
WIN_20190921_17_38_21_Pro.jpg,1280,720,banana,671,210,913,355
WIN_20190921_17_38_21_Pro.jpg,1280,720,bottle,986,273,1091,368
WIN_20190921_17_38_21_Pro.jpg,1280,720,bottle,594,322,693,414
WIN_20190921_17_38_21_Pro.jpg,1280,720,convert,1112,182,1279,500
WIN_20190921_17_38_30_Pro.jpg,1280,720,convert,1113,184,1280,505
WIN_20190921_17_38_30_Pro.jpg,1280,720,convert,973,1,1280,140
WIN_20190921_17_38_30_Pro.jpg,1280,720,banana,603,143,808,345
WIN_20190921_17_38_30_Pro.jpg,1280,720,bottle,860,2,956,105
WIN_20190921_17_38_30_Pro.jpg,1280,720,bottle,433,361,530,454
WIN_20190921_17_38_30_Pro.jpg,1280,720,money,50,310,305,455
WIN_20190921_17_38_30_Pro.jpg,1280,720,money,277,90,435,333
WIN_20190921_17_38_30_Pro.jpg,1280,720,money,418,101,660,326
WIN_20190921_17_38_35_Pro.jpg,1280,720,money,53,313,307,457
WIN_20190921_17_38_35_Pro.jpg,1280,720,money,275,92,438,338
WIN_20190921_17_38_35_Pro.jpg,1280,720,money,503,6,698,253
WIN_20190921_17_38_35_Pro.jpg,1280,720,banana,847,157,978,407
WIN_20190921_17_38_35_Pro.jpg,1280,720,bottle,428,364,532,448
WIN_20190921_17_38_35_Pro.jpg,1280,720,bottle,634,270,729,366
WIN_20190921_17_38_35_Pro.jpg,1280,720,convert,1111,186,1280,514
WIN_20190921_17_38_35_Pro.jpg,1280,720,convert,977,2,1280,144
WIN_20190921_17_38_41_Pro.jpg,1280,720,money,190,255,323,499
WIN_20190921_17_38_41_Pro.jpg,1280,720,money,503,8,698,250
WIN_20190921_17_38_41_Pro.jpg,1280,720,money,735,98,872,332
WIN_20190921_17_38_41_Pro.jpg,1280,720,bottle,432,360,529,450
WIN_20190921_17_38_41_Pro.jpg,1280,720,bottle,625,271,730,373
WIN_20190921_17_38_41_Pro.jpg,1280,720,convert,279,42,510,380
WIN_20190921_17_38_41_Pro.jpg,1280,720,convert,1106,180,1279,501
WIN_20190921_17_38_41_Pro.jpg,1280,720,banana,848,163,978,410
WIN_20190921_17_38_51_Pro.jpg,1280,720,bottle,434,357,532,457
WIN_20190921_17_38_51_Pro.jpg,1280,720,bottle,638,270,728,365
WIN_20190921_17_38_51_Pro.jpg,1280,720,banana,483,41,606,285
WIN_20190921_17_38_51_Pro.jpg,1280,720,money,738,96,872,332
WIN_20190921_17_38_51_Pro.jpg,1280,720,money,867,2,1104,193
WIN_20190921_17_38_51_Pro.jpg,1280,720,money,126,283,382,498
WIN_20190921_17_38_51_Pro.jpg,1280,720,convert,58,52,405,292
WIN_20190921_17_38_51_Pro.jpg,1280,720,convert,1109,183,1280,504
WIN_20190921_17_39_08_Pro.jpg,1280,720,convert,59,50,398,295
WIN_20190921_17_39_08_Pro.jpg,1280,720,convert,1108,172,1280,500
WIN_20190921_17_39_08_Pro.jpg,1280,720,banana,479,41,608,285
WIN_20190921_17_39_08_Pro.jpg,1280,720,bottle,635,269,732,366
WIN_20190921_17_39_08_Pro.jpg,1280,720,bottle,432,360,521,452
WIN_20190921_17_39_08_Pro.jpg,1280,720,money,738,100,871,336
WIN_20190921_17_39_08_Pro.jpg,1280,720,money,868,1,1105,195
WIN_20190921_17_39_08_Pro.jpg,1280,720,money,128,285,381,495
WIN_20190921_17_40_23_Pro.jpg,1280,720,money,191,100,388,345
WIN_20190921_17_40_23_Pro.jpg,1280,720,money,530,195,658,435
WIN_20190921_17_40_23_Pro.jpg,1280,720,money,723,78,951,314
WIN_20190921_17_40_23_Pro.jpg,1280,720,bottle,922,271,1017,366
WIN_20190921_17_40_23_Pro.jpg,1280,720,bottle,430,360,527,455
WIN_20190921_17_40_23_Pro.jpg,1280,720,convert,1105,180,1279,501
WIN_20190921_17_40_23_Pro.jpg,1280,720,convert,378,35,537,349
WIN_20190921_17_40_23_Pro.jpg,1280,720,banana,477,48,659,262
WIN_20190921_17_40_28_Pro.jpg,1280,720,banana,989,1,1114,187
WIN_20190921_17_40_28_Pro.jpg,1280,720,money,658,23,908,215
WIN_20190921_17_40_28_Pro.jpg,1280,720,money,457,200,668,448
WIN_20190921_17_40_28_Pro.jpg,1280,720,money,158,95,400,333
WIN_20190921_17_40_28_Pro.jpg,1280,720,bottle,220,233,321,328
WIN_20190921_17_40_28_Pro.jpg,1280,720,bottle,977,212,1074,304
WIN_20190921_17_40_28_Pro.jpg,1280,720,convert,602,176,928,505
WIN_20190921_17_40_28_Pro.jpg,1280,720,convert,1111,183,1280,504
WIN_20190921_17_40_37_Pro (2).jpg,1280,720,bottle,205,201,302,305
WIN_20190921_17_40_37_Pro (2).jpg,1280,720,bottle,971,210,1077,300
WIN_20190921_17_40_37_Pro (2).jpg,1280,720,money,496,275,754,435
WIN_20190921_17_40_37_Pro (2).jpg,1280,720,money,417,1,538,193
WIN_20190921_17_40_37_Pro (2).jpg,1280,720,money,695,6,937,145
WIN_20190921_17_40_37_Pro (2).jpg,1280,720,convert,518,72,851,287
WIN_20190921_17_40_37_Pro (2).jpg,1280,720,convert,1111,188,1280,500
WIN_20190921_17_40_37_Pro.jpg,1280,720,money,415,1,536,197
WIN_20190921_17_40_37_Pro.jpg,1280,720,money,699,10,937,142
WIN_20190921_17_40_37_Pro.jpg,1280,720,money,493,275,748,439
WIN_20190921_17_40_37_Pro.jpg,1280,720,convert,513,70,852,284
WIN_20190921_17_40_37_Pro.jpg,1280,720,convert,1109,182,1279,502
WIN_20190921_17_40_37_Pro.jpg,1280,720,bottle,968,208,1076,306
WIN_20190921_17_40_37_Pro.jpg,1280,720,bottle,207,200,308,315
WIN_20190921_17_40_37_Pro.jpg,1280,720,banana,979,1,1116,191
WIN_20190921_17_40_48_Pro.jpg,1280,720,bottle,73,80,180,180
WIN_20190921_17_40_48_Pro.jpg,1280,720,bottle,996,1,1089,34
WIN_20190921_17_40_48_Pro.jpg,1280,720,money,638,1,856,212
WIN_20190921_17_40_48_Pro.jpg,1280,720,money,494,274,749,437
WIN_20190921_17_40_48_Pro.jpg,1280,720,money,250,260,406,509
WIN_20190921_17_40_48_Pro.jpg,1280,720,banana,774,179,922,408
WIN_20190921_17_40_48_Pro.jpg,1280,720,convert,1109,182,1278,498
WIN_20190921_17_40_48_Pro.jpg,1280,720,convert,423,1,656,265
WIN_20190921_17_40_57_Pro.jpg,1280,720,convert,258,57,574,221
WIN_20190921_17_40_57_Pro.jpg,1280,720,convert,1108,187,1280,500
WIN_20190921_17_40_57_Pro.jpg,1280,720,bottle,895,365,988,455
WIN_20190921_17_40_57_Pro.jpg,1280,720,bottle,285,239,382,335
WIN_20190921_17_40_57_Pro.jpg,1280,720,banana,370,264,530,506
WIN_20190921_17_40_57_Pro.jpg,1280,720,money,568,155,733,410
WIN_20190921_17_40_57_Pro.jpg,1280,720,money,798,1,950,221
WIN_20190921_17_40_57_Pro.jpg,1280,720,money,287,377,418,625
WIN_20190921_17_41_04_Pro.jpg,1280,720,convert,241,49,569,242
WIN_20190921_17_41_04_Pro.jpg,1280,720,convert,1108,186,1280,501
WIN_20190921_17_41_04_Pro.jpg,1280,720,bottle,558,190,655,290
WIN_20190921_17_41_04_Pro.jpg,1280,720,bottle,736,203,833,297
WIN_20190921_17_41_04_Pro.jpg,1280,720,money,665,105,903,251
WIN_20190921_17_41_04_Pro.jpg,1280,720,money,528,361,773,480
WIN_20190921_17_41_04_Pro.jpg,1280,720,money,286,375,418,635
WIN_20190921_17_41_04_Pro.jpg,1280,720,banana,328,327,599,440
WIN_20190921_17_41_11_Pro.jpg,1280,720,bottle,218,126,317,221
WIN_20190921_17_41_11_Pro.jpg,1280,720,bottle,736,220,833,315
WIN_20190921_17_41_11_Pro.jpg,1280,720,banana,485,146,728,289
WIN_20190921_17_41_11_Pro.jpg,1280,720,money,846,120,1095,315
WIN_20190921_17_41_11_Pro.jpg,1280,720,money,533,357,775,478
WIN_20190921_17_41_11_Pro.jpg,1280,720,money,286,284,535,410
WIN_20190921_17_41_11_Pro.jpg,1280,720,convert,480,1,824,225
WIN_20190921_17_41_11_Pro.jpg,1280,720,convert,1108,183,1280,502
WIN_20190921_17_41_22_Pro.jpg,1280,720,money,162,187,349,441
WIN_20190921_17_41_22_Pro.jpg,1280,720,money,283,417,533,540
WIN_20190921_17_41_22_Pro.jpg,1280,720,money,686,153,932,353
WIN_20190921_17_41_22_Pro.jpg,1280,720,bottle,553,239,653,336
WIN_20190921_17_41_22_Pro.jpg,1280,720,bottle,383,179,481,275
WIN_20190921_17_41_22_Pro.jpg,1280,720,banana,386,58,635,187
WIN_20190921_17_41_22_Pro.jpg,1280,720,convert,731,1,1064,254
WIN_20190921_17_41_22_Pro.jpg,1280,720,convert,1110,182,1278,505
WIN_20190921_17_42_45_Pro.jpg,1280,720,convert,568,1,721,292
WIN_20190921_17_42_45_Pro.jpg,1280,720,convert,1108,180,1280,500
WIN_20190921_17_42_45_Pro.jpg,1280,720,money,768,200,1009,348
WIN_20190921_17_42_45_Pro.jpg,1280,720,money,137,137,262,366
WIN_20190921_17_42_45_Pro.jpg,1280,720,money,208,448,460,571
WIN_20190921_17_42_45_Pro.jpg,1280,720,banana,83,270,310,460
WIN_20190921_17_42_45_Pro.jpg,1280,720,bottle,679,258,778,353
WIN_20190921_17_42_45_Pro.jpg,1280,720,bottle,428,414,532,515
WIN_20190921_17_42_53_Pro.jpg,1280,720,money,73,130,193,377
WIN_20190921_17_42_53_Pro.jpg,1280,720,money,263,192,517,378
WIN_20190921_17_42_53_Pro.jpg,1280,720,money,768,196,1011,350
WIN_20190921_17_42_53_Pro.jpg,1280,720,bottle,685,257,777,348
WIN_20190921_17_42_53_Pro.jpg,1280,720,bottle,428,412,518,515
WIN_20190921_17_42_53_Pro.jpg,1280,720,banana,718,1,889,204
WIN_20190921_17_42_53_Pro.jpg,1280,720,convert,1107,182,1280,500
WIN_20190921_17_42_53_Pro.jpg,1280,720,convert,188,4,522,292
WIN_20190921_17_43_01_Pro.jpg,1280,720,money,72,129,195,373
WIN_20190921_17_43_01_Pro.jpg,1280,720,money,263,190,511,367
WIN_20190921_17_43_01_Pro.jpg,1280,720,money,705,68,838,301
WIN_20190921_17_43_01_Pro.jpg,1280,720,banana,531,10,657,244
WIN_20190921_17_43_01_Pro.jpg,1280,720,convert,853,5,1188,192
WIN_20190921_17_43_01_Pro.jpg,1280,720,convert,1107,180,1280,502
WIN_20190921_17_43_01_Pro.jpg,1280,720,bottle,283,331,393,430
WIN_20190921_17_43_01_Pro.jpg,1280,720,bottle,720,309,828,418
WIN_20190921_17_43_06_Pro.jpg,1280,720,money,215,115,471,278
WIN_20190921_17_43_06_Pro.jpg,1280,720,money,422,1,673,162
WIN_20190921_17_43_06_Pro.jpg,1280,720,money,794,93,1042,275
WIN_20190921_17_43_06_Pro.jpg,1280,720,bottle,729,313,828,415
WIN_20190921_17_43_06_Pro.jpg,1280,720,bottle,278,333,378,438
WIN_20190921_17_43_06_Pro.jpg,1280,720,banana,438,276,650,477
WIN_20190921_17_43_06_Pro.jpg,1280,720,convert,1104,186,1280,500
WIN_20190921_17_43_06_Pro.jpg,1280,720,convert,850,1,1189,193
WIN_20190921_17_43_12_Pro.jpg,1280,720,convert,416,179,767,470
WIN_20190921_17_43_12_Pro.jpg,1280,720,convert,1112,183,1280,500
WIN_20190921_17_43_12_Pro.jpg,1280,720,money,215,110,474,283
WIN_20190921_17_43_12_Pro.jpg,1280,720,money,426,1,673,165
WIN_20190921_17_43_12_Pro.jpg,1280,720,money,791,95,1036,277
WIN_20190921_17_43_12_Pro.jpg,1280,720,banana,768,246,1017,367
WIN_20190921_17_43_12_Pro.jpg,1280,720,bottle,724,318,820,424
WIN_20190921_17_43_12_Pro.jpg,1280,720,bottle,282,341,375,430
WIN_20190921_17_43_30_Pro.jpg,1280,720,convert,416,180,766,473
WIN_20190921_17_43_30_Pro.jpg,1280,720,convert,1106,184,1280,504
WIN_20190921_17_43_30_Pro.jpg,1280,720,money,793,92,1037,274
WIN_20190921_17_43_30_Pro.jpg,1280,720,money,423,5,669,167
WIN_20190921_17_43_30_Pro.jpg,1280,720,money,217,110,472,284
WIN_20190921_17_43_30_Pro.jpg,1280,720,banana,783,225,1031,416
WIN_20190921_17_43_30_Pro.jpg,1280,720,bottle,279,338,378,435
WIN_20190921_17_43_30_Pro.jpg,1280,720,bottle,724,317,824,426
WIN_20190921_17_43_39_Pro.jpg,1280,720,banana,785,225,1033,419
WIN_20190921_17_43_39_Pro.jpg,1280,720,convert,1110,188,1280,502
WIN_20190921_17_43_39_Pro.jpg,1280,720,convert,129,53,470,349
WIN_20190921_17_43_39_Pro.jpg,1280,720,bottle,624,126,713,227
WIN_20190921_17_43_39_Pro.jpg,1280,720,bottle,532,330,624,425
WIN_20190921_17_43_39_Pro.jpg,1280,720,money,792,93,1036,276
WIN_20190921_17_43_39_Pro.jpg,1280,720,money,877,1,1121,167
WIN_20190921_17_43_39_Pro.jpg,1280,720,money,510,1,763,193
WIN_20190921_17_43_48_Pro.jpg,1280,720,money,83,252,293,501
WIN_20190921_17_43_48_Pro.jpg,1280,720,money,631,250,867,476
WIN_20190921_17_43_48_Pro.jpg,1280,720,money,638,25,886,175
WIN_20190921_17_43_48_Pro.jpg,1280,720,banana,403,265,550,550
WIN_20190921_17_43_48_Pro.jpg,1280,720,bottle,528,325,623,425
WIN_20190921_17_43_48_Pro.jpg,1280,720,bottle,497,1,589,72
WIN_20190921_17_43_48_Pro.jpg,1280,720,convert,1112,188,1280,500
WIN_20190921_17_43_48_Pro.jpg,1280,720,convert,286,1,491,311
WIN_20190921_17_43_56_Pro.jpg,1280,720,convert,153,110,480,295
WIN_20190921_17_43_56_Pro.jpg,1280,720,convert,1109,181,1280,502
WIN_20190921_17_43_56_Pro.jpg,1280,720,money,630,255,876,479
WIN_20190921_17_43_56_Pro.jpg,1280,720,money,789,1,964,211
WIN_20190921_17_43_56_Pro.jpg,1280,720,money,65,257,289,503
WIN_20190921_17_43_56_Pro.jpg,1280,720,banana,339,267,591,465
WIN_20190921_17_43_56_Pro.jpg,1280,720,bottle,505,65,594,162
WIN_20190921_17_43_56_Pro.jpg,1280,720,bottle,765,130,862,223
WIN_20190921_17_44_12_Pro.jpg,1280,720,banana,370,348,611,560
WIN_20190921_17_44_12_Pro.jpg,1280,720,bottle,386,202,485,308
WIN_20190921_17_44_12_Pro.jpg,1280,720,bottle,478,35,572,135
WIN_20190921_17_44_12_Pro.jpg,1280,720,money,811,108,1053,254
WIN_20190921_17_44_12_Pro.jpg,1280,720,money,658,240,883,479
WIN_20190921_17_44_12_Pro.jpg,1280,720,money,123,297,367,441
WIN_20190921_17_44_12_Pro.jpg,1280,720,convert,1107,183,1280,498
WIN_20190921_17_44_12_Pro.jpg,1280,720,convert,258,1,430,309
WIN_20190921_17_44_19_Pro.jpg,1280,720,money,198,159,338,399
WIN_20190921_17_44_19_Pro.jpg,1280,720,money,810,109,1053,253
WIN_20190921_17_44_19_Pro.jpg,1280,720,money,658,240,888,480
WIN_20190921_17_44_19_Pro.jpg,1280,720,bottle,565,310,654,396
WIN_20190921_17_44_19_Pro.jpg,1280,720,banana,372,345,613,561
WIN_20190921_17_44_19_Pro.jpg,1280,720,convert,392,25,738,266
WIN_20190921_17_44_19_Pro.jpg,1280,720,convert,1104,179,1278,501
WIN_20190921_17_44_28_Pro.jpg,1280,720,money,198,161,335,400
WIN_20190921_17_44_28_Pro.jpg,1280,720,money,553,4,738,253
WIN_20190921_17_44_28_Pro.jpg,1280,720,money,805,227,954,470
WIN_20190921_17_44_28_Pro.jpg,1280,720,banana,688,122,825,386
WIN_20190921_17_44_28_Pro.jpg,1280,720,convert,250,15,526,354
WIN_20190921_17_44_28_Pro.jpg,1280,720,convert,1111,181,1280,502
WIN_20190921_17_44_28_Pro.jpg,1280,720,bottle,560,310,658,411
WIN_20190921_17_44_39_Pro.jpg,1280,720,bottle,63,277,156,380
WIN_20190921_17_44_39_Pro.jpg,1280,720,bottle,682,225,783,325
WIN_20190921_17_44_39_Pro.jpg,1280,720,banana,861,1,1115,132
WIN_20190921_17_44_39_Pro.jpg,1280,720,convert,1108,181,1279,500
WIN_20190921_17_44_39_Pro.jpg,1280,720,convert,245,31,538,367
WIN_20190921_17_44_39_Pro.jpg,1280,720,money,439,51,689,200
WIN_20190921_17_44_39_Pro.jpg,1280,720,money,61,124,308,314
WIN_20190921_17_44_39_Pro.jpg,1280,720,money,795,214,1021,454
WIN_20190921_17_44_50_Pro.jpg,1280,720,money,103,111,351,316
WIN_20190921_17_44_50_Pro.jpg,1280,720,money,398,42,648,235
WIN_20190921_17_44_50_Pro.jpg,1280,720,money,666,1,859,224
WIN_20190921_17_44_50_Pro.jpg,1280,720,banana,758,181,1021,332
WIN_20190921_17_44_50_Pro.jpg,1280,720,bottle,682,229,780,324
WIN_20190921_17_44_50_Pro.jpg,1280,720,bottle,59,275,161,373
WIN_20190921_17_44_50_Pro.jpg,1280,720,convert,323,274,671,511
WIN_20190921_17_44_50_Pro.jpg,1280,720,convert,1108,182,1280,499
WIN_20190921_17_46_09_Pro.jpg,1280,720,money,108,113,352,315
WIN_20190921_17_46_09_Pro.jpg,1280,720,money,399,39,649,233
WIN_20190921_17_46_09_Pro.jpg,1280,720,money,663,1,858,220
WIN_20190921_17_46_09_Pro.jpg,1280,720,banana,757,183,1020,333
WIN_20190921_17_46_09_Pro.jpg,1280,720,bottle,686,230,780,321
WIN_20190921_17_46_09_Pro.jpg,1280,720,bottle,510,160,603,245
WIN_20190921_17_46_09_Pro.jpg,1280,720,convert,1104,188,1280,501
WIN_20190921_17_46_09_Pro.jpg,1280,720,convert,322,272,668,513
WIN_20190921_17_47_11_Pro.jpg,1280,720,money,138,165,378,399
WIN_20190921_17_47_11_Pro.jpg,1280,720,money,571,7,807,151
WIN_20190921_17_47_11_Pro.jpg,1280,720,money,868,1,1068,158
WIN_20190921_17_47_11_Pro.jpg,1280,720,banana,703,140,923,365
WIN_20190921_17_47_11_Pro.jpg,1280,720,convert,371,237,538,569
WIN_20190921_17_47_11_Pro.jpg,1280,720,convert,1107,179,1278,500
WIN_20190921_17_47_11_Pro.jpg,1280,720,bottle,506,157,592,247
WIN_20190921_17_47_11_Pro.jpg,1280,720,bottle,875,318,977,415
WIN_20190921_17_47_19_Pro.jpg,1280,720,bottle,195,335,289,430
WIN_20190921_17_47_19_Pro.jpg,1280,720,bottle,438,355,538,454
WIN_20190921_17_47_19_Pro.jpg,1280,720,money,247,237,477,350
WIN_20190921_17_47_19_Pro.jpg,1280,720,money,707,218,956,380
WIN_20190921_17_47_19_Pro.jpg,1280,720,money,837,1,984,177
WIN_20190921_17_47_19_Pro.jpg,1280,720,convert,469,1,809,229
WIN_20190921_17_47_19_Pro.jpg,1280,720,convert,1107,183,1280,504
WIN_20190921_17_47_19_Pro.jpg,1280,720,banana,503,277,739,475
WIN_20190921_17_47_30_Pro.jpg,1280,720,convert,82,21,418,260
WIN_20190921_17_47_30_Pro.jpg,1280,720,convert,487,25,821,225
WIN_20190921_17_47_30_Pro.jpg,1280,720,money,873,1,998,215
WIN_20190921_17_47_30_Pro.jpg,1280,720,money,517,222,764,422
WIN_20190921_17_47_30_Pro.jpg,1280,720,money,316,221,448,462
WIN_20190921_17_47_30_Pro.jpg,1280,720,bottle,1054,211,1151,305
WIN_20190921_17_47_30_Pro.jpg,1280,720,bottle,172,465,278,572
WIN_20190921_17_47_30_Pro.jpg,1280,720,banana,361,250,516,522
WIN_20190921_17_49_30_Pro.jpg,1280,720,convert,56,75,352,424
WIN_20190921_17_49_30_Pro.jpg,1280,720,convert,779,45,953,358
WIN_20190921_17_49_30_Pro.jpg,1280,720,money,938,40,1179,221
WIN_20190921_17_49_30_Pro.jpg,1280,720,money,554,260,788,379
WIN_20190921_17_49_30_Pro.jpg,1280,720,money,318,223,448,466
WIN_20190921_17_49_30_Pro.jpg,1280,720,bottle,418,215,512,306
WIN_20190921_17_49_30_Pro.jpg,1280,720,bottle,378,517,478,615
WIN_20190921_17_49_30_Pro.jpg,1280,720,banana,491,1,691,173
WIN_20190921_17_49_55_Pro.jpg,1280,720,convert,120,267,320,616
WIN_20190921_17_49_55_Pro.jpg,1280,720,convert,404,1,747,226
WIN_20190921_17_49_55_Pro.jpg,1280,720,bottle,533,177,632,274
WIN_20190921_17_49_55_Pro.jpg,1280,720,bottle,748,186,861,283
WIN_20190921_17_49_55_Pro.jpg,1280,720,money,933,40,1173,217
WIN_20190921_17_49_55_Pro.jpg,1280,720,money,789,265,1039,459
WIN_20190921_17_49_55_Pro.jpg,1280,720,money,336,265,595,479
WIN_20190921_17_49_55_Pro.jpg,1280,720,banana,1034,174,1251,397
WIN_20190921_17_50_07_Pro.jpg,1280,720,convert,46,95,363,262
WIN_20190921_17_50_07_Pro.jpg,1280,720,convert,371,164,588,497
WIN_20190921_17_50_07_Pro.jpg,1280,720,bottle,323,4,416,96
WIN_20190921_17_50_07_Pro.jpg,1280,720,bottle,659,348,754,434
WIN_20190921_17_50_07_Pro.jpg,1280,720,banana,588,67,809,287
WIN_20190921_17_50_07_Pro.jpg,1280,720,money,497,36,735,258
WIN_20190921_17_50_07_Pro.jpg,1280,720,money,763,91,1001,310
WIN_20190921_17_50_07_Pro.jpg,1280,720,money,786,305,1036,474
WIN_20190921_17_50_15_Pro.jpg,1280,720,bottle,46,44,173,154
WIN_20190921_17_50_15_Pro.jpg,1280,720,bottle,473,263,564,349
WIN_20190921_17_50_15_Pro.jpg,1280,720,banana,589,67,803,287
WIN_20190921_17_50_15_Pro.jpg,1280,720,convert,313,188,509,520
WIN_20190921_17_50_15_Pro.jpg,1280,720,convert,1002,1,1253,255
WIN_20190921_17_50_15_Pro.jpg,1280,720,money,787,307,1038,470
WIN_20190921_17_50_15_Pro.jpg,1280,720,money,760,91,1004,305
WIN_20190921_17_50_15_Pro.jpg,1280,720,money,508,4,724,238
WIN_20190921_17_50_23_Pro.jpg,1280,720,bottle,52,46,168,160
WIN_20190921_17_50_23_Pro.jpg,1280,720,money,258,135,494,245
WIN_20190921_17_50_23_Pro.jpg,1280,720,money,786,290,1041,481
WIN_20190921_17_50_23_Pro.jpg,1280,720,money,880,10,1121,230
WIN_20190921_17_50_23_Pro.jpg,1280,720,bottle,346,297,443,409
WIN_20190921_17_50_23_Pro.jpg,1280,720,banana,544,205,708,466
WIN_20190921_17_50_23_Pro.jpg,1280,720,convert,472,1,747,223
WIN_20190921_17_50_23_Pro.jpg,1280,720,convert,110,284,442,623
WIN_20190921_17_50_29_Pro.jpg,1280,720,convert,111,285,444,625
WIN_20190921_17_50_29_Pro.jpg,1280,720,convert,471,1,747,224
WIN_20190921_17_50_29_Pro.jpg,1280,720,money,257,140,493,247
WIN_20190921_17_50_29_Pro.jpg,1280,720,money,790,290,1038,473
WIN_20190921_17_50_29_Pro.jpg,1280,720,money,883,9,1116,229
WIN_20190921_17_50_29_Pro.jpg,1280,720,banana,543,210,713,466
WIN_20190921_17_50_29_Pro.jpg,1280,720,bottle,145,1,241,76
WIN_20190921_17_50_29_Pro.jpg,1280,720,bottle,328,1,413,42
WIN_20190921_17_50_34_Pro (2).jpg,1280,720,money,258,135,493,249
WIN_20190921_17_50_34_Pro (2).jpg,1280,720,money,789,292,1039,480
WIN_20190921_17_50_34_Pro (2).jpg,1280,720,money,881,11,1114,230
WIN_20190921_17_50_34_Pro (2).jpg,1280,720,convert,112,281,447,628
WIN_20190921_17_50_34_Pro (2).jpg,1280,720,banana,544,238,753,473
WIN_20190921_17_50_34_Pro (2).jpg,1280,720,convert,531,134,876,447
WIN_20190921_17_50_34_Pro (2).jpg,1280,720,bottle,333,1,425,34
WIN_20190921_17_50_34_Pro.jpg,1280,720,money,258,133,491,245
WIN_20190921_17_50_34_Pro.jpg,1280,720,convert,111,282,438,624
WIN_20190921_17_50_34_Pro.jpg,1280,720,convert,539,132,878,473
WIN_20190921_17_50_34_Pro.jpg,1280,720,banana,542,238,748,476
WIN_20190921_17_50_34_Pro.jpg,1280,720,money,786,289,1040,473
WIN_20190921_17_50_34_Pro.jpg,1280,720,money,882,13,1118,231
WIN_20190921_17_50_34_Pro.jpg,1280,720,bottle,333,1,410,47
WIN_20190921_17_50_55_Pro.jpg,1280,720,bottle,331,1,406,40
WIN_20190921_17_50_55_Pro.jpg,1280,720,bottle,833,1,927,37
WIN_20190921_17_50_55_Pro.jpg,1280,720,money,624,93,865,232
WIN_20190921_17_50_55_Pro.jpg,1280,720,money,259,135,493,246
WIN_20190921_17_50_55_Pro.jpg,1280,720,money,667,268,898,502
WIN_20190921_17_50_55_Pro.jpg,1280,720,banana,420,328,683,510
WIN_20190921_17_50_55_Pro.jpg,1280,720,convert,108,285,440,622
WIN_20190921_17_50_55_Pro.jpg,1280,720,convert,478,28,673,348
WIN_20190921_17_51_10_Pro.jpg,1280,720,bottle,2,68,75,173
WIN_20190921_17_51_10_Pro.jpg,1280,720,bottle,430,172,526,268
WIN_20190921_17_51_10_Pro.jpg,1280,720,money,192,151,433,292
WIN_20190921_17_51_10_Pro.jpg,1280,720,money,398,1,631,211
WIN_20190921_17_51_10_Pro.jpg,1280,720,money,668,264,903,507
WIN_20190921_17_51_10_Pro.jpg,1280,720,banana,713,10,935,223
WIN_20190921_17_51_10_Pro.jpg,1280,720,convert,102,295,438,620
WIN_20190921_17_51_10_Pro.jpg,1280,720,convert,304,243,654,533
WIN_20190921_17_52_56_Pro.jpg,1280,720,convert,172,202,513,425
WIN_20190921_17_52_56_Pro.jpg,1280,720,convert,15,357,371,675
WIN_20190921_17_52_56_Pro.jpg,1280,720,money,533,85,701,330
WIN_20190921_17_52_56_Pro.jpg,1280,720,money,882,150,1073,402
WIN_20190921_17_52_56_Pro.jpg,1280,720,money,73,87,313,245
WIN_20190921_17_52_56_Pro.jpg,1280,720,bottle,371,45,485,144
WIN_20190921_17_52_56_Pro.jpg,1280,720,bottle,804,1,899,64
WIN_20190921_17_52_56_Pro.jpg,1280,720,banana,754,130,880,415
WIN_20190921_17_53_08_Pro.jpg,1280,720,banana,749,129,881,409
WIN_20190921_17_53_08_Pro.jpg,1280,720,money,825,1,991,160
WIN_20190921_17_53_08_Pro.jpg,1280,720,money,495,100,723,283
WIN_20190921_17_53_08_Pro.jpg,1280,720,money,145,34,289,264
WIN_20190921_17_53_08_Pro.jpg,1280,720,bottle,294,46,393,147
WIN_20190921_17_53_08_Pro.jpg,1280,720,bottle,626,223,738,310
WIN_20190921_17_53_08_Pro.jpg,1280,720,money,18,630,213,720
WIN_20190921_17_53_08_Pro.jpg,1280,720,convert,280,359,624,579
WIN_20190921_17_53_08_Pro.jpg,1280,720,convert,2,201,271,560
WIN_20190921_17_53_20_Pro.jpg,1280,720,convert,36,57,343,400
WIN_20190921_17_53_20_Pro.jpg,1280,720,convert,284,364,634,601
WIN_20190921_17_53_20_Pro.jpg,1280,720,bottle,315,303,414,404
WIN_20190921_17_53_20_Pro.jpg,1280,720,bottle,758,247,851,339
WIN_20190921_17_53_20_Pro.jpg,1280,720,banana,856,143,1053,386
WIN_20190921_17_53_20_Pro.jpg,1280,720,money,346,85,515,321
WIN_20190921_17_53_20_Pro.jpg,1280,720,money,513,63,639,304
WIN_20190921_17_53_20_Pro.jpg,1280,720,money,641,139,871,320
WIN_20190921_17_53_20_Pro.jpg,1280,720,money,21,631,212,720
WIN_20190921_17_53_33_Pro.jpg,1280,720,money,223,144,450,257
WIN_20190921_17_53_33_Pro.jpg,1280,720,money,446,174,663,413
WIN_20190921_17_53_33_Pro.jpg,1280,720,money,788,17,1018,132
WIN_20190921_17_53_33_Pro.jpg,1280,720,convert,569,51,898,369
WIN_20190921_17_53_33_Pro.jpg,1280,720,convert,203,252,532,589
WIN_20190921_17_53_33_Pro.jpg,1280,720,bottle,97,351,206,447
WIN_20190921_17_53_33_Pro.jpg,1280,720,bottle,669,376,770,474
WIN_20190921_17_53_33_Pro.jpg,1280,720,banana,338,11,607,148
WIN_20190921_17_53_44_Pro.jpg,1280,720,money,240,35,473,189
WIN_20190921_17_53_44_Pro.jpg,1280,720,money,382,210,620,425
WIN_20190921_17_53_44_Pro.jpg,1280,720,bottle,608,180,694,269
WIN_20190921_17_53_44_Pro.jpg,1280,720,bottle,842,196,936,288
WIN_20190921_17_53_44_Pro.jpg,1280,720,money,850,75,1019,329
WIN_20190921_17_53_44_Pro.jpg,1280,720,money,11,632,207,720
WIN_20190921_17_53_44_Pro.jpg,1280,720,convert,193,216,395,561
WIN_20190921_17_53_44_Pro.jpg,1280,720,convert,481,20,815,238
WIN_20190921_17_53_44_Pro.jpg,1280,720,banana,333,366,483,648
WIN_20190921_17_54_13_Pro.jpg,1280,720,banana,192,215,348,484
WIN_20190921_17_54_13_Pro.jpg,1280,720,convert,128,238,324,585
WIN_20190921_17_54_13_Pro.jpg,1280,720,convert,662,31,878,351
WIN_20190921_17_54_13_Pro.jpg,1280,720,money,427,136,644,377
WIN_20190921_17_54_13_Pro.jpg,1280,720,money,796,60,939,248
WIN_20190921_17_54_13_Pro.jpg,1280,720,money,838,311,1078,456
WIN_20190921_17_54_13_Pro.jpg,1280,720,money,14,628,206,720
WIN_20190921_17_54_13_Pro.jpg,1280,720,bottle,694,346,793,435
WIN_20190921_17_54_13_Pro.jpg,1280,720,bottle,950,74,1056,175
WIN_20190921_17_55_41_Pro.jpg,1280,720,bottle,842,280,944,376
WIN_20190921_17_55_41_Pro.jpg,1280,720,bottle,955,77,1055,173
WIN_20190921_17_55_41_Pro.jpg,1280,720,convert,626,29,939,353
WIN_20190921_17_55_41_Pro.jpg,1280,720,convert,1,132,268,418
WIN_20190921_17_55_41_Pro.jpg,1280,720,banana,163,201,407,399
WIN_20190921_17_55_41_Pro.jpg,1280,720,money,308,20,471,260
WIN_20190921_17_55_41_Pro.jpg,1280,720,money,465,149,652,393
WIN_20190921_17_55_41_Pro.jpg,1280,720,money,360,394,593,511
WIN_20190921_17_55_41_Pro.jpg,1280,720,money,19,632,207,720
WIN_20190921_17_56_02_Pro.jpg,1280,720,money,370,326,494,563
WIN_20190921_17_56_02_Pro.jpg,1280,720,money,329,29,442,254
WIN_20190921_17_56_02_Pro.jpg,1280,720,money,468,78,598,305
WIN_20190921_17_56_02_Pro.jpg,1280,720,money,18,635,208,720
WIN_20190921_17_56_02_Pro.jpg,1280,720,bottle,573,383,669,480
WIN_20190921_17_56_02_Pro.jpg,1280,720,bottle,641,249,737,336
WIN_20190921_17_56_02_Pro.jpg,1280,720,convert,613,1,795,245
WIN_20190921_17_56_02_Pro.jpg,1280,720,convert,808,1,1149,269
WIN_20190921_17_56_02_Pro.jpg,1280,720,banana,813,122,968,388
WIN_20190921_17_56_07_Pro.jpg,1280,720,money,134,56,318,302
WIN_20190921_17_56_07_Pro.jpg,1280,720,money,320,104,561,235
WIN_20190921_17_56_07_Pro.jpg,1280,720,money,342,335,588,565
WIN_20190921_17_56_07_Pro.jpg,1280,720,money,18,630,208,720
WIN_20190921_17_56_07_Pro.jpg,1280,720,bottle,579,383,675,485
WIN_20190921_17_56_07_Pro.jpg,1280,720,bottle,643,242,738,335
WIN_20190921_17_56_07_Pro.jpg,1280,720,banana,813,125,965,385
WIN_20190921_17_56_07_Pro.jpg,1280,720,convert,808,1,1151,274
WIN_20190921_17_56_07_Pro.jpg,1280,720,convert,610,1,792,244
WIN_20190921_17_57_11_Pro.jpg,1280,720,convert,368,57,697,240
WIN_20190921_17_57_11_Pro.jpg,1280,720,convert,843,1,1177,191
WIN_20190921_17_57_11_Pro.jpg,1280,720,banana,705,1,828,245
WIN_20190921_17_57_11_Pro.jpg,1280,720,money,819,180,969,415
WIN_20190921_17_57_11_Pro.jpg,1280,720,money,568,240,834,435
WIN_20190921_17_57_11_Pro.jpg,1280,720,money,338,342,587,564
WIN_20190921_17_57_11_Pro.jpg,1280,720,bottle,218,294,321,398
WIN_20190921_17_57_11_Pro.jpg,1280,720,bottle,573,383,673,486
WIN_20190921_17_57_18_Pro.jpg,1280,720,convert,127,88,438,250
WIN_20190921_17_57_18_Pro.jpg,1280,720,convert,840,1,1170,190
WIN_20190921_17_57_18_Pro.jpg,1280,720,banana,702,1,818,242
WIN_20190921_17_57_18_Pro.jpg,1280,720,money,425,60,679,214
WIN_20190921_17_57_18_Pro.jpg,1280,720,money,406,190,614,429
WIN_20190921_17_57_18_Pro.jpg,1280,720,money,813,179,981,418
WIN_20190921_17_57_18_Pro.jpg,1280,720,bottle,733,230,828,330
WIN_20190921_17_57_18_Pro.jpg,1280,720,bottle,329,483,433,580
WIN_20190921_17_57_26_Pro.jpg,1280,720,convert,132,85,449,248
WIN_20190921_17_57_26_Pro.jpg,1280,720,convert,894,12,1215,165
WIN_20190921_17_57_26_Pro.jpg,1280,720,money,460,2,596,191
WIN_20190921_17_57_26_Pro.jpg,1280,720,money,653,1,891,115
WIN_20190921_17_57_26_Pro.jpg,1280,720,money,818,178,979,416
WIN_20190921_17_57_26_Pro.jpg,1280,720,bottle,815,387,918,484
WIN_20190921_17_57_26_Pro.jpg,1280,720,bottle,394,261,489,358
WIN_20190921_17_57_26_Pro.jpg,1280,720,banana,166,262,321,543
WIN_20190921_17_57_26_Pro.jpg,1280,720,money,22,630,216,720
WIN_20190921_17_57_40_Pro.jpg,1280,720,money,19,632,202,717
WIN_20190921_17_57_40_Pro.jpg,1280,720,money,292,403,540,542
WIN_20190921_17_57_40_Pro.jpg,1280,720,money,300,215,538,335
WIN_20190921_17_57_40_Pro.jpg,1280,720,money,531,231,723,477
WIN_20190921_17_57_40_Pro.jpg,1280,720,convert,458,23,771,185
WIN_20190921_17_57_40_Pro.jpg,1280,720,convert,771,28,1046,366
WIN_20190921_17_57_40_Pro.jpg,1280,720,banana,689,201,896,440
WIN_20190921_17_57_40_Pro.jpg,1280,720,bottle,78,475,196,570
WIN_20190921_17_57_40_Pro.jpg,1280,720,bottle,5,304,112,397
WIN_20190921_17_57_57_Pro.jpg,1280,720,bottle,76,475,197,568
WIN_20190921_17_57_57_Pro.jpg,1280,720,bottle,347,278,435,371
WIN_20190921_17_57_57_Pro.jpg,1280,720,banana,818,55,953,345
WIN_20190921_17_57_57_Pro.jpg,1280,720,convert,844,1,1169,183
WIN_20190921_17_57_57_Pro.jpg,1280,720,convert,78,37,393,369
WIN_20190921_17_57_57_Pro.jpg,1280,720,money,243,249,413,487
WIN_20190921_17_57_57_Pro.jpg,1280,720,money,468,60,706,175
WIN_20190921_17_57_57_Pro.jpg,1280,720,money,517,274,771,455
WIN_20190921_17_57_57_Pro.jpg,1280,720,money,18,629,201,720
WIN_20190921_17_58_08_Pro.jpg,1280,720,money,304,201,550,426
WIN_20190921_17_58_08_Pro.jpg,1280,720,money,426,356,678,504
WIN_20190921_17_58_08_Pro.jpg,1280,720,money,613,43,853,184
WIN_20190921_17_58_08_Pro.jpg,1280,720,money,20,626,200,720
WIN_20190921_17_58_08_Pro.jpg,1280,720,convert,842,7,1088,345
WIN_20190921_17_58_08_Pro.jpg,1280,720,bottle,508,1,605,60
WIN_20190921_17_58_08_Pro.jpg,1280,720,bottle,670,235,766,329
WIN_20190921_17_58_08_Pro.jpg,1280,720,convert,1,269,283,437
WIN_20190921_17_58_08_Pro.jpg,1280,720,banana,793,340,1066,490
WIN_20190921_17_58_11_Pro.jpg,1280,720,bottle,542,163,642,255
WIN_20190921_17_58_11_Pro.jpg,1280,720,bottle,673,238,763,328
WIN_20190921_17_58_11_Pro.jpg,1280,720,convert,842,4,1093,342
WIN_20190921_17_58_11_Pro.jpg,1280,720,convert,1,261,293,445
WIN_20190921_17_58_11_Pro.jpg,1280,720,money,425,345,686,497
WIN_20190921_17_58_11_Pro.jpg,1280,720,money,217,67,467,245
WIN_20190921_17_58_11_Pro.jpg,1280,720,money,609,44,853,186
WIN_20190921_17_58_11_Pro.jpg,1280,720,money,21,624,198,720
WIN_20190921_17_58_11_Pro.jpg,1280,720,banana,800,336,1067,490
WIN_20190921_17_58_27_Pro.jpg,1280,720,money,182,97,438,255
WIN_20190921_17_58_27_Pro.jpg,1280,720,money,382,270,628,394
WIN_20190921_17_58_27_Pro.jpg,1280,720,money,423,393,668,534
WIN_20190921_17_58_27_Pro.jpg,1280,720,money,19,630,203,720
WIN_20190921_17_58_27_Pro.jpg,1280,720,banana,657,140,783,422
WIN_20190921_17_58_27_Pro.jpg,1280,720,convert,809,35,1145,335
WIN_20190921_17_58_27_Pro.jpg,1280,720,convert,34,274,336,627
WIN_20190921_17_58_27_Pro.jpg,1280,720,bottle,538,21,622,116
WIN_20190921_17_58_27_Pro.jpg,1280,720,bottle,769,1,857,66
WIN_20190921_17_58_36_Pro.jpg,1280,720,money,170,106,407,248
WIN_20190921_17_58_36_Pro.jpg,1280,720,money,519,238,668,489
WIN_20190921_17_58_36_Pro.jpg,1280,720,money,853,118,1085,359
WIN_20190921_17_58_36_Pro.jpg,1280,720,money,21,633,201,720
WIN_20190921_17_58_36_Pro.jpg,1280,720,convert,703,162,867,485
WIN_20190921_17_58_36_Pro.jpg,1280,720,convert,30,273,339,627
WIN_20190921_17_58_36_Pro.jpg,1280,720,banana,499,2,733,218
WIN_20190921_17_58_36_Pro.jpg,1280,720,bottle,373,79,460,175
WIN_20190921_17_58_36_Pro.jpg,1280,720,bottle,777,1,859,55
WIN_20190921_17_58_43_Pro.jpg,1280,720,bottle,121,126,226,217
WIN_20190921_17_58_43_Pro.jpg,1280,720,bottle,366,71,463,170
WIN_20190921_17_58_43_Pro.jpg,1280,720,banana,549,50,745,295
WIN_20190921_17_58_43_Pro.jpg,1280,720,money,860,114,1087,362
WIN_20190921_17_58_43_Pro.jpg,1280,720,money,521,248,670,490
WIN_20190921_17_58_43_Pro.jpg,1280,720,money,282,254,483,506
WIN_20190921_17_58_43_Pro.jpg,1280,720,money,13,631,200,720
WIN_20190921_17_58_43_Pro.jpg,1280,720,convert,6,356,358,620
WIN_20190921_17_58_43_Pro.jpg,1280,720,convert,678,129,935,466
WIN_20190921_17_58_47_Pro.jpg,1280,720,bottle,504,240,598,324
WIN_20190921_17_58_47_Pro.jpg,1280,720,bottle,936,1,1021,47
WIN_20190921_17_58_47_Pro.jpg,1280,720,banana,552,51,747,285
WIN_20190921_17_58_47_Pro.jpg,1280,720,money,867,125,1083,351
WIN_20190921_17_58_47_Pro.jpg,1280,720,money,538,279,722,515
WIN_20190921_17_58_47_Pro.jpg,1280,720,money,278,254,482,504
WIN_20190921_17_58_47_Pro.jpg,1280,720,money,18,633,203,719
WIN_20190921_17_58_47_Pro.jpg,1280,720,convert,4,353,356,620
WIN_20190921_17_58_47_Pro.jpg,1280,720,convert,676,127,928,462
WIN_20190921_17_58_52_Pro.jpg,1280,720,banana,348,178,631,300
WIN_20190921_17_58_52_Pro.jpg,1280,720,convert,4,355,359,623
WIN_20190921_17_58_52_Pro.jpg,1280,720,convert,456,42,775,209
WIN_20190921_17_58_52_Pro.jpg,1280,720,money,874,117,1078,355
WIN_20190921_17_58_52_Pro.jpg,1280,720,money,614,319,861,491
WIN_20190921_17_58_52_Pro.jpg,1280,720,money,283,260,486,500
WIN_20190921_17_58_52_Pro.jpg,1280,720,money,19,634,205,720
WIN_20190921_17_58_52_Pro.jpg,1280,720,bottle,224,1,316,80
WIN_20190921_17_58_52_Pro.jpg,1280,720,bottle,921,1,1018,40
WIN_20190921_17_58_59_Pro.jpg,1280,720,bottle,221,1,312,79
WIN_20190921_17_58_59_Pro.jpg,1280,720,bottle,916,1,1027,45
WIN_20190921_17_58_59_Pro.jpg,1280,720,banana,393,160,607,425
WIN_20190921_17_58_59_Pro.jpg,1280,720,convert,615,1,821,287
WIN_20190921_17_58_59_Pro.jpg,1280,720,convert,1,144,208,453
WIN_20190921_17_58_59_Pro.jpg,1280,720,money,131,331,365,574
WIN_20190921_17_58_59_Pro.jpg,1280,720,money,614,320,868,505
WIN_20190921_17_58_59_Pro.jpg,1280,720,money,863,115,1074,355
WIN_20190921_17_58_59_Pro.jpg,1280,720,money,18,627,203,720
WIN_20190921_17_59_15_Pro.jpg,1280,720,money,21,631,203,720
WIN_20190921_17_59_15_Pro.jpg,1280,720,money,306,215,568,360
WIN_20190921_17_59_15_Pro.jpg,1280,720,money,613,320,869,474
WIN_20190921_17_59_15_Pro.jpg,1280,720,money,870,116,1073,364
WIN_20190921_17_59_15_Pro.jpg,1280,720,bottle,936,1,1016,45
WIN_20190921_17_59_15_Pro.jpg,1280,720,bottle,493,380,596,476
WIN_20190921_17_59_15_Pro.jpg,1280,720,banana,480,87,758,218
WIN_20190921_17_59_15_Pro.jpg,1280,720,convert,2,280,334,609
WIN_20190921_17_59_15_Pro.jpg,1280,720,convert,626,1,827,293
WIN_20190921_17_59_26_Pro.jpg,1280,720,banana,152,89,433,218
WIN_20190921_17_59_26_Pro.jpg,1280,720,convert,511,1,853,265
WIN_20190921_17_59_26_Pro.jpg,1280,720,convert,1,289,322,626
WIN_20190921_17_59_26_Pro.jpg,1280,720,money,262,219,385,452
WIN_20190921_17_59_26_Pro.jpg,1280,720,money,407,216,633,455
WIN_20190921_17_59_26_Pro.jpg,1280,720,money,874,110,1081,358
WIN_20190921_17_59_26_Pro.jpg,1280,720,bottle,753,170,846,280
WIN_20190921_17_59_26_Pro.jpg,1280,720,bottle,328,485,437,593
WIN_20190921_17_59_26_Pro.jpg,1280,720,money,27,640,213,720
WIN_20190921_17_59_33_Pro.jpg,1280,720,convert,1,288,322,622
WIN_20190921_17_59_33_Pro.jpg,1280,720,convert,513,1,853,263
WIN_20190921_17_59_33_Pro.jpg,1280,720,money,907,2,1046,234
WIN_20190921_17_59_33_Pro.jpg,1280,720,money,403,216,636,470
WIN_20190921_17_59_33_Pro.jpg,1280,720,money,261,220,385,452
WIN_20190921_17_59_33_Pro.jpg,1280,720,bottle,328,489,431,597
WIN_20190921_17_59_33_Pro.jpg,1280,720,bottle,899,345,998,439
WIN_20190921_17_59_33_Pro.jpg,1280,720,banana,577,245,728,517
WIN_20190921_17_59_33_Pro.jpg,1280,720,money,27,635,201,720
WIN_20190921_17_59_44_Pro.jpg,1280,720,convert,1,133,243,476
WIN_20190921_17_59_44_Pro.jpg,1280,720,convert,386,27,718,230
WIN_20190921_17_59_44_Pro.jpg,1280,720,money,753,35,993,161
WIN_20190921_17_59_44_Pro.jpg,1280,720,money,403,219,633,465
WIN_20190921_17_59_44_Pro.jpg,1280,720,money,208,145,358,385
WIN_20190921_17_59_44_Pro.jpg,1280,720,bottle,320,491,431,596
WIN_20190921_17_59_44_Pro.jpg,1280,720,bottle,900,338,997,439
WIN_20190921_17_59_44_Pro.jpg,1280,720,banana,705,209,877,465
WIN_20190921_17_59_55_Pro.jpg,1280,720,convert,1,134,241,479
WIN_20190921_17_59_55_Pro.jpg,1280,720,convert,482,70,825,325
WIN_20190921_17_59_55_Pro.jpg,1280,720,money,919,1,1026,216
WIN_20190921_17_59_55_Pro.jpg,1280,720,money,206,81,453,254
WIN_20190921_17_59_55_Pro.jpg,1280,720,money,321,251,573,466
WIN_20190921_17_59_55_Pro.jpg,1280,720,banana,561,275,829,460
WIN_20190921_17_59_55_Pro.jpg,1280,720,bottle,987,300,1098,396
WIN_20190921_17_59_55_Pro.jpg,1280,720,bottle,448,539,546,630
WIN_20190921_18_00_02_Pro.jpg,1280,720,bottle,412,35,506,130
WIN_20190921_18_00_02_Pro.jpg,1280,720,bottle,988,302,1092,399
WIN_20190921_18_00_02_Pro.jpg,1280,720,money,943,89,1171,212
WIN_20190921_18_00_02_Pro.jpg,1280,720,money,339,197,460,439
WIN_20190921_18_00_02_Pro.jpg,1280,720,money,222,33,397,267
WIN_20190921_18_00_02_Pro.jpg,1280,720,convert,705,1,874,290
WIN_20190921_18_00_02_Pro.jpg,1280,720,convert,1,136,247,477
WIN_20190921_18_00_02_Pro.jpg,1280,720,banana,557,129,752,389
WIN_20190921_18_00_09_Pro.jpg,1280,720,banana,559,134,749,382
WIN_20190921_18_00_09_Pro.jpg,1280,720,money,953,1,1088,172
WIN_20190921_18_00_09_Pro.jpg,1280,720,money,339,197,461,437
WIN_20190921_18_00_09_Pro.jpg,1280,720,money,224,34,397,267
WIN_20190921_18_00_09_Pro.jpg,1280,720,bottle,518,349,615,450
WIN_20190921_18_00_09_Pro.jpg,1280,720,bottle,471,20,562,116
WIN_20190921_18_00_09_Pro.jpg,1280,720,convert,637,41,951,374
WIN_20190921_18_00_09_Pro.jpg,1280,720,convert,1,128,244,481
WIN_20190921_18_00_16_Pro.jpg,1280,720,money,220,32,399,267
WIN_20190921_18_00_16_Pro.jpg,1280,720,money,337,197,463,436
WIN_20190921_18_00_16_Pro.jpg,1280,720,banana,553,135,746,380
WIN_20190921_18_00_16_Pro.jpg,1280,720,money,1065,49,1280,267
WIN_20190921_18_00_16_Pro.jpg,1280,720,convert,853,1,1014,286
WIN_20190921_18_00_16_Pro.jpg,1280,720,convert,576,14,903,330
WIN_20190921_18_00_16_Pro.jpg,1280,720,bottle,517,350,623,444
WIN_20190921_18_00_16_Pro.jpg,1280,720,bottle,475,16,553,119
WIN_20190921_18_00_28_Pro.jpg,1280,720,bottle,38,188,133,281
WIN_20190921_18_00_28_Pro.jpg,1280,720,bottle,765,302,857,394
WIN_20190921_18_00_28_Pro.jpg,1280,720,convert,361,140,707,382
WIN_20190921_18_00_28_Pro.jpg,1280,720,convert,850,1,1012,285
WIN_20190921_18_00_28_Pro.jpg,1280,720,money,1068,50,1279,263
WIN_20190921_18_00_28_Pro.jpg,1280,720,money,268,43,511,208
WIN_20190921_18_00_28_Pro.jpg,1280,720,money,3,130,140,366
WIN_20190921_18_00_28_Pro.jpg,1280,720,banana,236,275,462,497
WIN_20190921_18_01_16_Pro.jpg,1280,720,money,269,45,506,206
WIN_20190921_18_01_16_Pro.jpg,1280,720,money,573,53,744,279
WIN_20190921_18_01_16_Pro.jpg,1280,720,money,1064,51,1280,267
WIN_20190921_18_01_16_Pro.jpg,1280,720,bottle,983,200,1085,294
WIN_20190921_18_01_16_Pro.jpg,1280,720,bottle,464,387,558,491
WIN_20190921_18_01_16_Pro.jpg,1280,720,convert,292,219,628,420
WIN_20190921_18_01_16_Pro.jpg,1280,720,convert,742,1,1061,172
WIN_20190921_18_01_16_Pro.jpg,1280,720,banana,233,274,463,495
WIN_20190921_18_01_25_Pro.jpg,1280,720,banana,207,234,353,509
WIN_20190921_18_01_25_Pro.jpg,1280,720,money,199,91,427,217
WIN_20190921_18_01_25_Pro.jpg,1280,720,money,577,261,723,506
WIN_20190921_18_01_25_Pro.jpg,1280,720,money,771,178,908,426
WIN_20190921_18_01_25_Pro.jpg,1280,720,bottle,993,194,1090,292
WIN_20190921_18_01_25_Pro.jpg,1280,720,bottle,463,395,555,490
WIN_20190921_18_01_25_Pro.jpg,1280,720,convert,346,114,668,450
WIN_20190921_18_01_25_Pro.jpg,1280,720,convert,613,44,921,191
WIN_20190921_18_01_31_Pro.jpg,1280,720,money,109,51,253,284
WIN_20190921_18_01_31_Pro.jpg,1280,720,money,573,259,725,508
WIN_20190921_18_01_31_Pro.jpg,1280,720,money,763,175,908,427
WIN_20190921_18_01_31_Pro.jpg,1280,720,bottle,994,195,1090,302
WIN_20190921_18_01_31_Pro.jpg,1280,720,bottle,463,395,556,494
WIN_20190921_18_01_31_Pro.jpg,1280,720,banana,66,290,345,422
WIN_20190921_18_01_31_Pro.jpg,1280,720,convert,273,18,608,332
WIN_20190921_18_01_31_Pro.jpg,1280,720,convert,631,2,813,173
WIN_20190921_18_01_57_Pro.jpg,1280,720,money,108,55,252,285
WIN_20190921_18_01_57_Pro.jpg,1280,720,money,378,293,633,496
WIN_20190921_18_01_57_Pro.jpg,1280,720,money,677,126,932,314
WIN_20190921_18_01_57_Pro.jpg,1280,720,convert,232,68,552,405
WIN_20190921_18_01_57_Pro.jpg,1280,720,convert,743,1,1052,138
WIN_20190921_18_01_57_Pro.jpg,1280,720,bottle,363,448,459,546
WIN_20190921_18_01_57_Pro.jpg,1280,720,bottle,815,319,918,425
WIN_20190921_18_02_04_Pro.jpg,1280,720,banana,160,250,290,532
WIN_20190921_18_02_04_Pro.jpg,1280,720,money,462,353,696,461
WIN_20190921_18_02_04_Pro.jpg,1280,720,money,693,133,943,327
WIN_20190921_18_02_04_Pro.jpg,1280,720,money,463,1,705,161
WIN_20190921_18_02_04_Pro.jpg,1280,720,convert,355,119,696,355
WIN_20190921_18_02_04_Pro.jpg,1280,720,convert,743,1,1050,135
WIN_20190921_18_02_04_Pro.jpg,1280,720,bottle,248,247,331,340
WIN_20190921_18_02_04_Pro.jpg,1280,720,bottle,820,323,916,410
WIN_20190921_18_02_15_Pro.jpg,1280,720,convert,193,113,526,311
WIN_20190921_18_02_15_Pro.jpg,1280,720,convert,813,1,1140,184
WIN_20190921_18_02_15_Pro.jpg,1280,720,bottle,232,364,331,469
WIN_20190921_18_02_15_Pro.jpg,1280,720,bottle,373,295,481,400
WIN_20190921_18_02_15_Pro.jpg,1280,720,banana,556,115,804,320
WIN_20190921_18_02_15_Pro.jpg,1280,720,money,437,390,693,570
WIN_20190921_18_02_15_Pro.jpg,1280,720,money,875,150,1108,372
WIN_20190921_18_02_15_Pro.jpg,1280,720,money,537,1,764,199
WIN_20190921_18_02_28_Pro.jpg,1280,720,banana,573,220,821,420
WIN_20190921_18_02_28_Pro.jpg,1280,720,convert,279,10,609,312
WIN_20190921_18_02_28_Pro.jpg,1280,720,convert,23,215,229,548
WIN_20190921_18_02_28_Pro.jpg,1280,720,bottle,164,203,249,295
WIN_20190921_18_02_28_Pro.jpg,1280,720,bottle,231,366,333,471
WIN_20190921_18_02_28_Pro.jpg,1280,720,money,834,148,1043,397
WIN_20190921_18_02_28_Pro.jpg,1280,720,money,823,1,1050,105
WIN_20190921_18_02_28_Pro.jpg,1280,720,money,442,390,690,565
WIN_20190921_18_02_31_Pro.jpg,1280,720,convert,23,218,234,542
WIN_20190921_18_02_31_Pro.jpg,1280,720,convert,317,20,569,363
WIN_20190921_18_02_31_Pro.jpg,1280,720,bottle,219,363,323,465
WIN_20190921_18_02_31_Pro.jpg,1280,720,bottle,635,10,728,105
WIN_20190921_18_02_31_Pro.jpg,1280,720,banana,573,214,814,419
WIN_20190921_18_02_31_Pro.jpg,1280,720,money,836,146,1045,400
WIN_20190921_18_02_31_Pro.jpg,1280,720,money,816,1,1045,105
WIN_20190921_18_02_31_Pro.jpg,1280,720,money,439,395,697,575
WIN_20190921_18_02_39_Pro.jpg,1280,720,convert,1,128,337,345
WIN_20190921_18_02_39_Pro.jpg,1280,720,convert,312,5,621,332
WIN_20190921_18_02_39_Pro.jpg,1280,720,bottle,637,8,728,115
WIN_20190921_18_02_39_Pro.jpg,1280,720,bottle,546,305,644,400
WIN_20190921_18_02_39_Pro.jpg,1280,720,money,293,257,453,500
WIN_20190921_18_02_39_Pro.jpg,1280,720,money,842,148,1040,397
WIN_20190921_18_02_39_Pro.jpg,1280,720,money,818,1,1051,102
WIN_20190921_18_02_39_Pro.jpg,1280,720,banana,575,220,823,420
WIN_20190921_18_03_50_Pro.jpg,1280,720,convert,96,207,375,553
WIN_20190921_18_03_50_Pro.jpg,1280,720,convert,229,24,566,314
WIN_20190921_18_03_50_Pro.jpg,1280,720,bottle,533,120,625,217
WIN_20190921_18_03_50_Pro.jpg,1280,720,bottle,558,302,666,408
WIN_20190921_18_03_50_Pro.jpg,1280,720,money,604,29,843,219
WIN_20190921_18_03_50_Pro.jpg,1280,720,money,922,203,1144,322
WIN_20190921_18_03_50_Pro.jpg,1280,720,money,287,385,548,562
WIN_20190921_18_03_50_Pro.jpg,1280,720,banana,741,205,863,484
WIN_20190921_18_04_18_Pro.jpg,1280,720,bottle,314,135,413,227
WIN_20190921_18_04_18_Pro.jpg,1280,720,bottle,496,117,600,219
WIN_20190921_18_04_18_Pro.jpg,1280,720,money,917,204,1154,321
WIN_20190921_18_04_18_Pro.jpg,1280,720,money,566,50,804,181
WIN_20190921_18_04_18_Pro.jpg,1280,720,money,289,385,550,561
WIN_20190921_18_04_18_Pro.jpg,1280,720,banana,743,208,863,480
WIN_20190921_18_04_18_Pro.jpg,1280,720,convert,92,200,383,554
WIN_20190921_18_04_18_Pro.jpg,1280,720,convert,918,1,1079,187
WIN_20190921_18_04_27_Pro.jpg,1280,720,convert,63,63,246,393
WIN_20190921_18_04_27_Pro.jpg,1280,720,convert,910,1,1081,184
WIN_20190921_18_04_27_Pro.jpg,1280,720,money,566,48,803,180
WIN_20190921_18_04_27_Pro.jpg,1280,720,money,924,205,1153,321
WIN_20190921_18_04_27_Pro.jpg,1280,720,money,223,472,480,656
WIN_20190921_18_04_27_Pro.jpg,1280,720,bottle,353,258,444,354
WIN_20190921_18_04_27_Pro.jpg,1280,720,bottle,809,412,913,501
WIN_20190921_18_04_27_Pro.jpg,1280,720,banana,779,282,1003,518
WIN_20190921_18_04_39_Pro.jpg,1280,720,banana,777,251,1008,520
WIN_20190921_18_04_39_Pro.jpg,1280,720,bottle,793,409,916,513
WIN_20190921_18_04_39_Pro.jpg,1280,720,bottle,629,339,727,440
WIN_20190921_18_04_39_Pro.jpg,1280,720,money,237,193,494,405
WIN_20190921_18_04_39_Pro.jpg,1280,720,money,303,389,455,636
WIN_20190921_18_04_39_Pro.jpg,1280,720,money,662,65,915,250
WIN_20190921_18_04_39_Pro.jpg,1280,720,convert,1,81,289,337
WIN_20190921_18_04_39_Pro.jpg,1280,720,convert,319,35,643,363
WIN_20190921_18_05_56_Pro.jpg,1280,720,convert,334,81,683,378
WIN_20190921_18_05_56_Pro.jpg,1280,720,convert,1,243,256,458
WIN_20190921_18_05_56_Pro.jpg,1280,720,money,186,82,323,316
WIN_20190921_18_05_56_Pro.jpg,1280,720,money,193,413,438,639
WIN_20190921_18_05_56_Pro.jpg,1280,720,money,668,1,902,206
WIN_20190921_18_05_56_Pro.jpg,1280,720,banana,983,1,1130,237
WIN_20190921_18_05_56_Pro.jpg,1280,720,bottle,716,297,814,398
WIN_20190921_18_05_56_Pro.jpg,1280,720,bottle,823,280,925,380
WIN_20190921_18_06_04_Pro.jpg,1280,720,convert,1,144,238,492
WIN_20190921_18_06_04_Pro.jpg,1280,720,convert,222,65,560,319
WIN_20190921_18_06_04_Pro.jpg,1280,720,money,671,13,858,252
WIN_20190921_18_06_04_Pro.jpg,1280,720,money,251,310,491,437
WIN_20190921_18_06_04_Pro.jpg,1280,720,money,189,420,441,646
WIN_20190921_18_06_04_Pro.jpg,1280,720,bottle,526,312,625,408
WIN_20190921_18_06_04_Pro.jpg,1280,720,bottle,827,289,928,383
WIN_20190921_18_06_04_Pro.jpg,1280,720,banana,985,1,1125,235
WIN_20190921_18_06_08_Pro.jpg,1280,720,banana,864,55,1100,268
WIN_20190921_18_06_08_Pro.jpg,1280,720,money,538,102,798,262
WIN_20190921_18_06_08_Pro.jpg,1280,720,money,298,342,548,494
WIN_20190921_18_06_08_Pro.jpg,1280,720,money,196,435,448,659
WIN_20190921_18_06_08_Pro.jpg,1280,720,bottle,528,310,623,415
WIN_20190921_18_06_08_Pro.jpg,1280,720,bottle,993,272,1097,380
WIN_20190921_18_06_08_Pro.jpg,1280,720,convert,221,68,555,313
WIN_20190921_18_06_08_Pro.jpg,1280,720,convert,1,142,234,490
WIN_20190921_18_06_44_Pro.jpg,1280,720,convert,143,1,491,255
WIN_20190921_18_06_44_Pro.jpg,1280,720,convert,1,201,211,547
WIN_20190921_18_06_44_Pro.jpg,1280,720,bottle,275,158,386,251
WIN_20190921_18_06_44_Pro.jpg,1280,720,bottle,609,307,712,411
WIN_20190921_18_06_44_Pro.jpg,1280,720,banana,471,78,643,355
WIN_20190921_18_06_44_Pro.jpg,1280,720,money,669,75,915,276
WIN_20190921_18_06_44_Pro.jpg,1280,720,money,293,271,548,485
WIN_20190921_18_06_44_Pro.jpg,1280,720,money,194,426,367,676
WIN_20190921_18_07_51_Pro.jpg,1280,720,money,223,328,416,587
WIN_20190921_18_07_51_Pro.jpg,1280,720,money,443,227,594,480
WIN_20190921_18_07_51_Pro.jpg,1280,720,money,821,123,1035,385
WIN_20190921_18_07_51_Pro.jpg,1280,720,banana,922,1,1165,205
WIN_20190921_18_07_51_Pro.jpg,1280,720,convert,414,1,761,201
WIN_20190921_18_07_51_Pro.jpg,1280,720,convert,43,25,386,327
WIN_20190921_18_07_51_Pro.jpg,1280,720,bottle,618,166,727,272
WIN_20190921_18_07_51_Pro.jpg,1280,720,bottle,794,66,904,172
WIN_20190921_18_08_04_Pro.jpg,1280,720,bottle,830,1,920,47
WIN_20190921_18_08_04_Pro.jpg,1280,720,bottle,713,335,819,440
WIN_20190921_18_08_04_Pro.jpg,1280,720,convert,117,93,434,273
WIN_20190921_18_08_04_Pro.jpg,1280,720,convert,490,1,673,224
WIN_20190921_18_08_04_Pro.jpg,1280,720,money,708,155,966,327
WIN_20190921_18_08_04_Pro.jpg,1280,720,money,461,278,709,410
WIN_20190921_18_08_04_Pro.jpg,1280,720,money,213,337,416,592
WIN_20190921_18_08_04_Pro.jpg,1280,720,money,16,633,191,720
WIN_20190921_18_08_04_Pro.jpg,1280,720,bottle,920,4,1159,213
WIN_20190921_18_08_15_Pro.jpg,1280,720,convert,73,1,322,340
WIN_20190921_18_08_15_Pro.jpg,1280,720,convert,494,1,815,160
WIN_20190921_18_08_15_Pro.jpg,1280,720,bottle,498,99,608,197
WIN_20190921_18_08_15_Pro.jpg,1280,720,bottle,932,312,1040,413
WIN_20190921_18_08_15_Pro.jpg,1280,720,money,710,159,961,330
WIN_20190921_18_08_15_Pro.jpg,1280,720,money,394,358,657,530
WIN_20190921_18_08_15_Pro.jpg,1280,720,money,217,339,406,594
WIN_20190921_18_08_15_Pro.jpg,1280,720,money,23,641,194,720
WIN_20190921_18_08_15_Pro.jpg,1280,720,banana,918,1,1124,219
WIN_20190921_18_08_26_Pro.jpg,1280,720,convert,183,1,521,211
WIN_20190921_18_08_26_Pro.jpg,1280,720,convert,658,1,993,160
WIN_20190921_18_08_26_Pro.jpg,1280,720,bottle,454,92,562,190
WIN_20190921_18_08_26_Pro.jpg,1280,720,bottle,941,146,1030,244
WIN_20190921_18_08_26_Pro.jpg,1280,720,money,663,172,772,403
WIN_20190921_18_08_26_Pro.jpg,1280,720,money,404,364,655,528
WIN_20190921_18_08_26_Pro.jpg,1280,720,money,210,339,408,594
WIN_20190921_18_08_26_Pro.jpg,1280,720,money,12,637,198,720
WIN_20190921_18_08_26_Pro.jpg,1280,720,banana,1010,1,1125,243
WIN_20190921_18_08_44_Pro.jpg,1280,720,convert,64,39,408,325
WIN_20190921_18_08_44_Pro.jpg,1280,720,convert,468,1,795,177
WIN_20190921_18_08_44_Pro.jpg,1280,720,banana,773,1,1039,101
WIN_20190921_18_08_44_Pro.jpg,1280,720,money,911,105,1149,229
WIN_20190921_18_08_44_Pro.jpg,1280,720,money,657,215,888,335
WIN_20190921_18_08_44_Pro.jpg,1280,720,money,405,170,615,428
WIN_20190921_18_08_44_Pro.jpg,1280,720,bottle,242,342,354,444
WIN_20190921_18_08_44_Pro.jpg,1280,720,bottle,923,264,1026,358
WIN_20190921_18_08_44_Pro.jpg,1280,720,money,18,629,215,720
WIN_20190921_18_08_53_Pro.jpg,1280,720,money,19,635,197,720
WIN_20190921_18_08_53_Pro.jpg,1280,720,money,410,170,613,430
WIN_20190921_18_08_53_Pro.jpg,1280,720,money,669,1,877,236
WIN_20190921_18_08_53_Pro.jpg,1280,720,money,913,110,1148,232
WIN_20190921_18_08_53_Pro.jpg,1280,720,banana,845,1,1032,117
WIN_20190921_18_08_53_Pro.jpg,1280,720,bottle,648,92,735,192
WIN_20190921_18_08_53_Pro.jpg,1280,720,bottle,244,346,346,448
WIN_20190921_18_08_53_Pro.jpg,1280,720,convert,782,242,1123,466
WIN_20190921_18_08_53_Pro.jpg,1280,720,convert,64,34,403,329
WIN_20190921_18_09_01_Pro.jpg,1280,720,convert,36,42,374,276
WIN_20190921_18_09_01_Pro.jpg,1280,720,convert,776,244,1121,462
WIN_20190921_18_09_01_Pro.jpg,1280,720,money,367,71,609,264
WIN_20190921_18_09_01_Pro.jpg,1280,720,money,563,56,804,270
WIN_20190921_18_09_01_Pro.jpg,1280,720,money,911,110,1148,233
WIN_20190921_18_09_01_Pro.jpg,1280,720,banana,724,1,1008,133
WIN_20190921_18_09_01_Pro.jpg,1280,720,bottle,500,362,607,464
WIN_20190921_18_09_01_Pro.jpg,1280,720,bottle,399,214,502,315
WIN_20190921_18_09_01_Pro.jpg,1280,720,money,15,625,213,720
WIN_20190921_18_09_10_Pro.jpg,1280,720,convert,199,1,412,314
WIN_20190921_18_09_10_Pro.jpg,1280,720,convert,831,215,1193,490
WIN_20190921_18_09_10_Pro.jpg,1280,720,money,913,107,1151,227
WIN_20190921_18_09_10_Pro.jpg,1280,720,money,663,99,899,311
WIN_20190921_18_09_10_Pro.jpg,1280,720,money,493,1,698,220
WIN_20190921_18_09_10_Pro.jpg,1280,720,banana,734,1,1017,102
WIN_20190921_18_09_10_Pro.jpg,1280,720,bottle,398,217,499,318
WIN_20190921_18_09_10_Pro.jpg,1280,720,bottle,504,362,611,465
WIN_20190921_18_09_10_Pro.jpg,1280,720,money,28,636,202,720
WIN_20190921_18_09_17_Pro.jpg,1280,720,bottle,268,161,383,258
WIN_20190921_18_09_17_Pro.jpg,1280,720,bottle,418,355,518,466
WIN_20190921_18_09_17_Pro.jpg,1280,720,money,626,133,757,381
WIN_20190921_18_09_17_Pro.jpg,1280,720,money,729,94,979,247
WIN_20190921_18_09_17_Pro.jpg,1280,720,money,482,1,689,211
WIN_20190921_18_09_17_Pro.jpg,1280,720,money,16,635,203,720
WIN_20190921_18_09_17_Pro.jpg,1280,720,convert,894,159,1229,495
WIN_20190921_18_09_17_Pro.jpg,1280,720,convert,161,1,415,318
WIN_20190921_18_09_29_Pro.jpg,1280,720,convert,153,1,502,265
WIN_20190921_18_09_29_Pro.jpg,1280,720,convert,910,240,1269,507
WIN_20190921_18_09_29_Pro.jpg,1280,720,bottle,266,167,370,270
WIN_20190921_18_09_29_Pro.jpg,1280,720,bottle,413,362,518,470
WIN_20190921_18_09_29_Pro.jpg,1280,720,banana,408,106,601,364
WIN_20190921_18_09_29_Pro.jpg,1280,720,money,622,177,883,409
WIN_20190921_18_09_29_Pro.jpg,1280,720,money,719,1,965,155
WIN_20190921_18_09_29_Pro.jpg,1280,720,money,914,54,1180,271
WIN_20190921_18_09_29_Pro.jpg,1280,720,money,18,632,208,718
WIN_20190921_18_09_51_Pro.jpg,1280,720,money,16,638,195,720
WIN_20190921_18_09_51_Pro.jpg,1280,720,money,756,176,877,429
WIN_20190921_18_09_51_Pro.jpg,1280,720,money,695,3,933,172
WIN_20190921_18_09_51_Pro.jpg,1280,720,money,924,55,1172,271
WIN_20190921_18_09_51_Pro.jpg,1280,720,banana,446,44,723,197
WIN_20190921_18_09_51_Pro.jpg,1280,720,convert,163,1,493,261
WIN_20190921_18_09_51_Pro.jpg,1280,720,bottle,158,345,283,450
WIN_20190921_18_09_51_Pro.jpg,1280,720,bottle,365,215,468,325
WIN_20190921_18_09_51_Pro.jpg,1280,720,convert,909,238,1266,515
WIN_20190921_18_10_01_Pro.jpg,1280,720,bottle,168,349,278,445
WIN_20190921_18_10_01_Pro.jpg,1280,720,bottle,363,222,454,325
WIN_20190921_18_10_01_Pro.jpg,1280,720,money,504,223,758,443
WIN_20190921_18_10_01_Pro.jpg,1280,720,money,764,178,875,416
WIN_20190921_18_10_01_Pro.jpg,1280,720,money,967,1,1187,184
WIN_20190921_18_10_01_Pro.jpg,1280,720,banana,623,4,901,110
WIN_20190921_18_10_01_Pro.jpg,1280,720,money,14,641,197,720
WIN_20190921_18_10_01_Pro.jpg,1280,720,convert,349,1,693,246
WIN_20190921_18_10_01_Pro.jpg,1280,720,convert,920,163,1271,475
WIN_20190921_18_10_14_Pro.jpg,1280,720,bottle,336,57,432,154
WIN_20190921_18_10_14_Pro.jpg,1280,720,bottle,300,286,415,389
WIN_20190921_18_10_14_Pro.jpg,1280,720,money,532,277,792,474
WIN_20190921_18_10_14_Pro.jpg,1280,720,money,811,80,916,314
WIN_20190921_18_10_14_Pro.jpg,1280,720,money,965,1,1184,176
WIN_20190921_18_10_14_Pro.jpg,1280,720,money,17,639,179,720
WIN_20190921_18_10_14_Pro.jpg,1280,720,convert,438,1,781,270
WIN_20190921_18_10_14_Pro.jpg,1280,720,convert,926,161,1275,475
WIN_20190921_18_10_14_Pro.jpg,1280,720,banana,642,1,932,69
WIN_20190921_18_10_20_Pro.jpg,1280,720,convert,323,5,676,181
WIN_20190921_18_10_20_Pro.jpg,1280,720,convert,780,118,1077,470
WIN_20190921_18_10_20_Pro.jpg,1280,720,money,963,1,1183,177
WIN_20190921_18_10_20_Pro.jpg,1280,720,money,620,1,838,226
WIN_20190921_18_10_20_Pro.jpg,1280,720,money,532,269,783,469
WIN_20190921_18_10_20_Pro.jpg,1280,720,money,9,632,222,720
WIN_20190921_18_10_20_Pro.jpg,1280,720,bottle,450,371,551,468
WIN_20190921_18_10_20_Pro.jpg,1280,720,bottle,446,141,543,251
WIN_20190921_18_10_20_Pro.jpg,1280,720,banana,790,39,987,314
